{
	"info": {
		"_postman_id": "fa59a65f-910b-4da1-9bcd-13adb6da0af6",
		"name": "Magic Pay",
		"schema": "https://schema.getpostman.com/json/collection/v2.1.0/collection.json"
	},
	"item": [
		{
			"name": "Register",
			"request": {
				"method": "POST",
				"header": [
					{
						"key": "Accept",
						"value": "application/json",
						"type": "text"
					},
					{
						"key": "Content-Type",
						"value": "application/json",
						"type": "text"
					}
				],
				"body": {
					"mode": "formdata",
					"formdata": [
						{
							"key": "name",
							"value": "Testing",
							"type": "text"
						},
						{
							"key": "email",
							"value": "testing@gmail.com",
							"type": "text"
						},
						{
							"key": "phone",
							"value": "0922222222",
							"type": "text"
						},
						{
							"key": "password",
							"value": "123123123",
							"type": "text"
						}
					]
				},
				"url": {
					"raw": "{{url}}/register",
					"host": [
						"{{url}}"
					],
					"path": [
						"register"
					]
				}
			},
			"response": []
		},
		{
			"name": "Login",
			"request": {
				"method": "POST",
				"header": [
					{
						"key": "Accept",
						"value": "application/json",
						"type": "text"
					},
					{
						"key": "Content-Type",
						"value": "application/json",
						"type": "text"
					}
				],
				"body": {
					"mode": "formdata",
					"formdata": [
						{
							"key": "phone",
							"value": "09977292898",
							"type": "text"
						},
						{
							"key": "password",
							"value": "123123123",
							"type": "text"
						}
					]
				},
				"url": {
					"raw": "{{url}}/login",
					"host": [
						"{{url}}"
					],
					"path": [
						"login"
					]
				}
			},
			"response": []
		},
		{
			"name": "Logout",
			"request": {
				"method": "POST",
				"header": [
					{
						"key": "Accept",
						"value": "application/json",
						"type": "text"
					},
					{
						"warning": "This is a duplicate header and will be overridden by the Content-Type header generated by Postman.",
						"key": "Content-Type",
						"value": "application/json",
						"type": "text"
					},
					{
						"key": "Authorization",
						"value": "Bearer {{token}}",
						"type": "text"
					}
				],
				"body": {
					"mode": "formdata",
					"formdata": []
				},
				"url": {
					"raw": "{{url}}/logout",
					"host": [
						"{{url}}"
					],
					"path": [
						"logout"
					]
				}
			},
			"response": []
		},
		{
			"name": "Profile",
			"protocolProfileBehavior": {
				"disableBodyPruning": true
			},
			"request": {
				"method": "GET",
				"header": [
					{
						"key": "Accept",
						"value": "application/json",
						"type": "text"
					},
					{
						"warning": "This is a duplicate header and will be overridden by the Content-Type header generated by Postman.",
						"key": "Content-Type",
						"value": "application/json",
						"type": "text"
					},
					{
						"key": "Authorization",
						"value": "Bearer {{token}}",
						"type": "text"
					}
				],
				"body": {
					"mode": "formdata",
					"formdata": [
						{
							"key": "phone",
							"value": "0922222222",
							"type": "text"
						},
						{
							"key": "password",
							"value": "123123123",
							"type": "text"
						}
					]
				},
				"url": {
					"raw": "{{url}}/profile",
					"host": [
						"{{url}}"
					],
					"path": [
						"profile"
					]
				}
			},
			"response": []
		},
		{
			"name": "Transaction",
			"protocolProfileBehavior": {
				"disableBodyPruning": true
			},
			"request": {
				"method": "GET",
				"header": [
					{
						"key": "Accept",
						"value": "application/json",
						"type": "text"
					},
					{
						"warning": "This is a duplicate header and will be overridden by the Content-Type header generated by Postman.",
						"key": "Content-Type",
						"value": "application/json",
						"type": "text"
					},
					{
						"key": "Authorization",
						"value": "Bearer {{token}}",
						"type": "text"
					}
				],
				"body": {
					"mode": "formdata",
					"formdata": []
				},
				"url": {
					"raw": "{{url}}/transaction?date=&type=",
					"host": [
						"{{url}}"
					],
					"path": [
						"transaction"
					],
					"query": [
						{
							"key": "date",
							"value": ""
						},
						{
							"key": "type",
							"value": "",
							"description": "1 => income , 2 => expense"
						}
					]
				}
			},
			"response": []
		},
		{
			"name": "Transaction Detail",
			"protocolProfileBehavior": {
				"disableBodyPruning": true
			},
			"request": {
				"method": "GET",
				"header": [
					{
						"key": "Accept",
						"value": "application/json",
						"type": "text"
					},
					{
						"warning": "This is a duplicate header and will be overridden by the Content-Type header generated by Postman.",
						"key": "Content-Type",
						"value": "application/json",
						"type": "text"
					},
					{
						"key": "Authorization",
						"value": "Bearer {{token}}",
						"type": "text"
					}
				],
				"body": {
					"mode": "formdata",
					"formdata": []
				},
				"url": {
					"raw": "{{url}}/transaction/1385378905461259",
					"host": [
						"{{url}}"
					],
					"path": [
						"transaction",
						"1385378905461259"
					]
				}
			},
			"response": []
		},
		{
			"name": "Notification",
			"protocolProfileBehavior": {
				"disableBodyPruning": true
			},
			"request": {
				"method": "GET",
				"header": [
					{
						"key": "Accept",
						"value": "application/json",
						"type": "text"
					},
					{
						"warning": "This is a duplicate header and will be overridden by the Content-Type header generated by Postman.",
						"key": "Content-Type",
						"value": "application/json",
						"type": "text"
					},
					{
						"key": "Authorization",
						"value": "Bearer {{token}}",
						"type": "text"
					}
				],
				"body": {
					"mode": "formdata",
					"formdata": []
				},
				"url": {
					"raw": "{{url}}/notification",
					"host": [
						"{{url}}"
					],
					"path": [
						"notification"
					]
				}
			},
			"response": []
		},
		{
			"name": "Notification Detail",
			"protocolProfileBehavior": {
				"disableBodyPruning": true
			},
			"request": {
				"method": "GET",
				"header": [
					{
						"key": "Accept",
						"value": "application/json",
						"type": "text"
					},
					{
						"warning": "This is a duplicate header and will be overridden by the Content-Type header generated by Postman.",
						"key": "Content-Type",
						"value": "application/json",
						"type": "text"
					},
					{
						"key": "Authorization",
						"value": "Bearer {{token}}",
						"type": "text"
					}
				],
				"body": {
					"mode": "formdata",
					"formdata": []
				},
				"url": {
					"raw": "{{url}}/notification/5f4d5ef1-692f-45cc-8330-7e68b0236e5d",
					"host": [
						"{{url}}"
					],
					"path": [
						"notification",
						"5f4d5ef1-692f-45cc-8330-7e68b0236e5d"
					]
				}
			},
			"response": []
		},
		{
			"name": "To Account Verify",
			"protocolProfileBehavior": {
				"disableBodyPruning": true
			},
			"request": {
				"method": "GET",
				"header": [
					{
						"key": "Accept",
						"value": "application/json",
						"type": "text"
					},
					{
						"warning": "This is a duplicate header and will be overridden by the Content-Type header generated by Postman.",
						"key": "Content-Type",
						"value": "application/json",
						"type": "text"
					},
					{
						"key": "Authorization",
						"value": "Bearer {{token}}",
						"type": "text"
					}
				],
				"body": {
					"mode": "formdata",
					"formdata": []
				},
				"url": {
					"raw": "{{url}}/to-account-verify?phone=0922222222",
					"host": [
						"{{url}}"
					],
					"path": [
						"to-account-verify"
					],
					"query": [
						{
							"key": "phone",
							"value": "0922222222"
						}
					]
				}
			},
			"response": []
		},
		{
			"name": "Transfer Confirm",
			"protocolProfileBehavior": {
				"disableBodyPruning": true
			},
			"request": {
				"method": "GET",
				"header": [
					{
						"key": "Accept",
						"value": "application/json",
						"type": "text"
					},
					{
						"warning": "This is a duplicate header and will be overridden by the Content-Type header generated by Postman.",
						"key": "Content-Type",
						"value": "application/json",
						"type": "text"
					},
					{
						"key": "Authorization",
						"value": "Bearer {{token}}",
						"type": "text"
					}
				],
				"body": {
					"mode": "formdata",
					"formdata": []
				},
				"url": {
					"raw": "{{url}}/transfer/confirm?to_phone=0922222222&amount=10000&description=testing&hash_value=06cd17331a6f1e581f33c894a9ef744aafde36ea7e76f1c65c55ed4b6c532ac8",
					"host": [
						"{{url}}"
					],
					"path": [
						"transfer",
						"confirm"
					],
					"query": [
						{
							"key": "to_phone",
							"value": "0922222222"
						},
						{
							"key": "amount",
							"value": "10000"
						},
						{
							"key": "description",
							"value": "testing"
						},
						{
							"key": "hash_value",
							"value": "06cd17331a6f1e581f33c894a9ef744aafde36ea7e76f1c65c55ed4b6c532ac8"
						}
					]
				}
			},
			"response": []
		},
		{
			"name": "Transfer Complete",
			"request": {
				"method": "POST",
				"header": [
					{
						"key": "Accept",
						"value": "application/json",
						"type": "text"
					},
					{
						"warning": "This is a duplicate header and will be overridden by the Content-Type header generated by Postman.",
						"key": "Content-Type",
						"value": "application/json",
						"type": "text"
					},
					{
						"key": "Authorization",
						"value": "Bearer {{token}}",
						"type": "text"
					}
				],
				"body": {
					"mode": "formdata",
					"formdata": [
						{
							"key": "to_phone",
							"value": "0922222222",
							"type": "text"
						},
						{
							"key": "amount",
							"value": "10000",
							"type": "text"
						},
						{
							"key": "description",
							"value": "testing",
							"type": "text"
						},
						{
							"key": "hash_value",
							"value": "06cd17331a6f1e581f33c894a9ef744aafde36ea7e76f1c65c55ed4b6c532ac8",
							"type": "text"
						},
						{
							"key": "password",
							"value": "123123123",
							"type": "text"
						}
					]
				},
				"url": {
					"raw": "{{url}}/transfer/complete",
					"host": [
						"{{url}}"
					],
					"path": [
						"transfer",
						"complete"
					]
				}
			},
			"response": []
		},
		{
			"name": "Scan and Pay Form",
			"protocolProfileBehavior": {
				"disableBodyPruning": true
			},
			"request": {
				"method": "GET",
				"header": [
					{
						"key": "Accept",
						"value": "application/json",
						"type": "text"
					},
					{
						"warning": "This is a duplicate header and will be overridden by the Content-Type header generated by Postman.",
						"key": "Content-Type",
						"value": "application/json",
						"type": "text"
					},
					{
						"key": "Authorization",
						"value": "Bearer {{token}}",
						"type": "text"
					}
				],
				"body": {
					"mode": "formdata",
					"formdata": []
				},
				"url": {
					"raw": "{{url}}/scan-and-pay-form?to_phone=0922222222",
					"host": [
						"{{url}}"
					],
					"path": [
						"scan-and-pay-form"
					],
					"query": [
						{
							"key": "to_phone",
							"value": "0922222222"
						}
					]
				}
			},
			"response": []
		},
		{
			"name": "Scan and Pay Confirm",
			"protocolProfileBehavior": {
				"disableBodyPruning": true
			},
			"request": {
				"method": "GET",
				"header": [
					{
						"key": "Accept",
						"value": "application/json",
						"type": "text"
					},
					{
						"warning": "This is a duplicate header and will be overridden by the Content-Type header generated by Postman.",
						"key": "Content-Type",
						"value": "application/json",
						"type": "text"
					},
					{
						"key": "Authorization",
						"value": "Bearer {{token}}",
						"type": "text"
					}
				],
				"body": {
					"mode": "formdata",
					"formdata": []
				},
				"url": {
					"raw": "{{url}}/scan-and-pay/confirm?to_phone=0922222222&amount=10000&description=testing&hash_value=06cd17331a6f1e581f33c894a9ef744aafde36ea7e76f1c65c55ed4b6c532ac8",
					"host": [
						"{{url}}"
					],
					"path": [
						"scan-and-pay",
						"confirm"
					],
					"query": [
						{
							"key": "to_phone",
							"value": "0922222222"
						},
						{
							"key": "amount",
							"value": "10000"
						},
						{
							"key": "description",
							"value": "testing"
						},
						{
							"key": "hash_value",
							"value": "06cd17331a6f1e581f33c894a9ef744aafde36ea7e76f1c65c55ed4b6c532ac8"
						}
					]
				}
			},
			"response": []
		},
		{
			"name": "Scan and Pay Complete",
			"request": {
				"method": "POST",
				"header": [
					{
						"key": "Accept",
						"value": "application/json",
						"type": "text"
					},
					{
						"warning": "This is a duplicate header and will be overridden by the Content-Type header generated by Postman.",
						"key": "Content-Type",
						"value": "application/json",
						"type": "text"
					},
					{
						"key": "Authorization",
						"value": "Bearer {{token}}",
						"type": "text"
					}
				],
				"body": {
					"mode": "formdata",
					"formdata": [
						{
							"key": "to_phone",
							"value": "0922222222",
							"type": "text"
						},
						{
							"key": "amount",
							"value": "10000",
							"type": "text"
						},
						{
							"key": "description",
							"value": "testing",
							"type": "text"
						},
						{
							"key": "hash_value",
							"value": "06cd17331a6f1e581f33c894a9ef744aafde36ea7e76f1c65c55ed4b6c532ac8",
							"type": "text"
						},
						{
							"key": "password",
							"value": "123123123",
							"type": "text"
						}
					]
				},
				"url": {
					"raw": "{{url}}/scan-and-pay/complete",
					"host": [
						"{{url}}"
					],
					"path": [
						"scan-and-pay",
						"complete"
					]
				}
			},
			"response": []
		}
	]
}